COD_COUNTRY	COD_PRO	PRO_COM	VISITORS
208.0	0.0	0.0	129672
228.0	0.0	0.0	116884
262.0	0.0	0.0	109176
460.0	0.0	0.0	107796
232.0	0.0	0.0	96776
214.0	0.0	0.0	71872
204.0	0.0	0.0	70432
310.0	0.0	0.0	64160
226.0	0.0	0.0	59012
234.0	0.0	0.0	46180
250.0	0.0	0.0	42424
216.0	0.0	0.0	30344
219.0	0.0	0.0	26504
293.0	0.0	0.0	25760
206.0	0.0	0.0	25380
284.0	0.0	0.0	21472
260.0	0.0	0.0	18580
440.0	0.0	0.0	13032
230.0	0.0	0.0	13004
334.0	0.0	0.0	12552
